person,image (1).jpg
person,image (2).jpg
person,image (3).jpg
person,image (4).jpg
person,image (5).jpg
person,image (6).jpg
person,image (7).jpg
person,image (8).jpg
person,image (9).jpg
person,image (10).jpg
person,image (11).jpg
person,image (12).jpg
person,image (13).jpg
person,image (14).jpg
person,image (15).jpg
person,image (16).jpg
person,image (17).jpg
person,image (18).jpg
person,image (19).jpg
person,image (20).jpg
person,image (21).jpg
person,image (22).jpg
person,image (23).jpg
person,image (24).jpg
person,image (25).jpg
person,image (26).jpg
person,image (27).jpg
person,image (28).jpg
person,image (29).jpg
person,image (30).jpg
person,image (31).jpg
person,image (32).jpg
person,image (33).jpg
